{"cameraMode":{"drawMode":0,"name":"Shaded","section":"Shading Mode"},"sceneLighting":true,"audioPlay":false,"sceneViewState":{"m_AlwaysRefresh":false,"showFog":true,"showSkybox":true,"showFlares":true,"showImageEffects":true,"showParticleSystems":true,"showVisualEffectGraphs":true,"m_FxEnabled":true},"in2DMode":false,"pivot":{"x":0.2417946308851242,"y":-3.0244345664978029,"z":5.142280101776123},"rotation":{"x":-0.22967150807380677,"y":0.20746015012264253,"z":-0.05017887055873871,"w":-0.9495755434036255},"size":7.691520690917969,"orthographic":false}