{"cameraMode":{"drawMode":0,"name":"Shaded","section":"Shading Mode"},"sceneLighting":true,"audioPlay":false,"sceneViewState":{"m_AlwaysRefresh":false,"showFog":true,"showSkybox":true,"showFlares":true,"showImageEffects":true,"showParticleSystems":true,"showVisualEffectGraphs":true,"m_FxEnabled":false},"in2DMode":false,"pivot":{"x":5.311347007751465,"y":-0.001583099365234375,"z":-1.4423713684082032},"rotation":{"x":0.40198904275894167,"y":-0.22266821563243867,"z":0.10145188122987747,"w":0.8823118805885315},"size":8.556319236755371,"orthographic":false}