{"cameraMode":{"drawMode":0,"name":"Shaded","section":"Shading Mode"},"sceneLighting":true,"audioPlay":false,"sceneViewState":{"m_AlwaysRefresh":false,"showFog":true,"showSkybox":true,"showFlares":true,"showImageEffects":true,"showParticleSystems":true,"showVisualEffectGraphs":true,"m_FxEnabled":false},"in2DMode":false,"pivot":{"x":1.4622602462768555,"y":-0.43314266204833987,"z":3.745088577270508},"rotation":{"x":0.29646721482276919,"y":-0.23021622002124787,"z":0.07388219982385636,"w":0.9238997101783752},"size":10.010444641113282,"orthographic":false}